{
  "Baseline": {
    "name": "Baseline",
    "accuracy": 0.8877551020408163,
    "precision": 0.888533674339301,
    "recall": 0.7927738927738927,
    "f1": 0.8269005847953216,
    "f1_per_class": [
      0.9473684210526315,
      0.7555555555555555,
      0.7777777777777778
    ],
    "best_val_acc": 0.8877551020408163
  },
  "CVAE-Aug": {
    "name": "CVAE-Aug",
    "accuracy": 0.9489795918367347,
    "precision": 0.9533285951196399,
    "recall": 0.9191142191142192,
    "f1": 0.9352662841034934,
    "f1_per_class": [
      0.9696969696969697,
      0.8837209302325582,
      0.9523809523809523
    ],
    "best_val_acc": 0.9489795918367347
  },
  "cGAN-Aug": {
    "name": "cGAN-Aug",
    "accuracy": 0.9795918367346939,
    "precision": 0.9797202797202798,
    "recall": 0.9797202797202798,
    "f1": 0.9797202797202798,
    "f1_per_class": [
      0.9846153846153847,
      0.9545454545454546,
      1.0
    ],
    "best_val_acc": 0.9795918367346939
  }
}